<!--
 ///
 /// [SIMINOV FRAMEWORK]
 /// Copyright [2014-2016] [Siminov Software Solution LLP|support@siminov.com]
 ///
 /// Licensed under the Apache License, Version 2.0 (the "License");
 /// you may not use this file except in compliance with the License.
 /// You may obtain a copy of the License at
 ///
 ///     http://www.apache.org/licenses/LICENSE-2.0
 ///
 /// Unless required by applicable law or agreed to in writing, software
 /// distributed under the License is distributed on an "AS IS" BASIS,
 /// WITHOUT WARRANTIES OR CONDITIONS OF ANY KIND, either express or implied.
 /// See the License for the specific language governing permissions and
 /// limitations under the License.
 ///

 -->

<entity-descriptor>
    
    <property name="table_name">CREDENTIAL</property>
    <property name="class_name">Credential</property>
    
    <attribute>
        
        <attribute>
            <property name="variable_name">accountId</property>
            <property name="column_name">ACCOUNT_ID</property>
            <property name="type">string</property>
            <property name="primary_key">true</property>
            <property name="not_null">true</property>
            <property name="unique">true</property>
        </attribute>
        
        <attribute>
            <property name="variable_name">credentialType</property>
            <property name="column_name">CREDENTIAL_TYPE</property>
            <property name="type">string</property>
            <property name="primary_key">true</property>
            <property name="not_null">true</property>
            <property name="unique">true</property>
        </attribute>
        
        <attribute>
            <property name="variable_name">token</property>
            <property name="column_name">TOKEN</property>
            <property name="type">string</property>
            <property name="not_null">true</property>
            <property name="unique">true</property>
        </attribute>
        
        <attribute>
            <property name="variable_name">logged</property>
            <property name="column_name">LOGGED</property>
            <property name="type">string</property>
        </attribute>
        
    </attribute>
    
</entity-descriptor>