<!--
 ///
 /// [SIMINOV FRAMEWORK - CONNECT]
 /// Copyright [2014-2016] [Siminov Software Solution LLP|support@siminov.com]
 ///
 /// Licensed under the Apache License, Version 2.0 (the "License");
 /// you may not use this file except in compliance with the License.
 /// You may obtain a copy of the License at
 ///
 ///     http://www.apache.org/licenses/LICENSE-2.0
 ///
 /// Unless required by applicable law or agreed to in writing, software
 /// distributed under the License is distributed on an "AS IS" BASIS,
 /// WITHOUT WARRANTIES OR CONDITIONS OF ANY KIND, either express or implied.
 /// See the License for the specific language governing permissions and
 /// limitations under the License.
 ///

 
 -->

<entity-descriptor>
    
    <property name="table_name">SERVICE_REQUEST_RESOURCE</property>
    <property name="class_name">SIKServiceRequestResource</property>
    
    <attributes>
        
        <attribute>
            <property name="variable_name">name</property>
            <property name="column_name">NAME</property>
            <property name="type">string</property>
            <property name="primary_key">true</property>
            <property name="not_null">true</property>
            <property name="unique">true</property>
        </attribute>
        
        <attribute>
            <property name="variable_name">value</property>
            <property name="column_name">VALUE</property>
            <property name="type">string</property>
        </attribute>
        
    </attributes>
				
                <relationships>
                    
                    <relationship>
                        <property name="type">many-to-one</property>
                        <property name="refer">serviceRequest</property>
                        <property name="refer_to">SIKServiceRequest</property>
                        <property name="on_update">cascade</property>
                        <property name="on_delete">cascade</property>
                    </relationship>
                    
                </relationships>
                
</entity-descriptor>