﻿<?xml version="1.0" encoding="utf-8" ?>
<!-- 
///
/// [SIMINOV FRAMEWORK - CONNECT]
/// Copyright [2014-2016] [Siminov Software Solution LLP|support@siminov.com]
///
/// Licensed under the Apache License, Version 2.0 (the "License");
/// you may not use this file except in compliance with the License.
/// You may obtain a copy of the License at
///
///     http://www.apache.org/licenses/LICENSE-2.0
///
/// Unless required by applicable law or agreed to in writing, software
/// distributed under the License is distributed on an "AS IS" BASIS,
/// WITHOUT WARRANTIES OR CONDITIONS OF ANY KIND, either express or implied.
/// See the License for the specific language governing permissions and
/// limitations under the License.



 -->



<database-descriptor>

  <property name="database_name">SIMINOV-CONNECT</property>
  <property name="description">Siminov Connect</property>
  <property name="version">1</property>
  <property name="transaction_safe">true</property>

  <entity-descriptors>
    <entity-descriptor>Siminov/Connect/Resource/ServiceRequest.xml</entity-descriptor>
    <entity-descriptor>Siminov/Connect/Resource/ServiceRequestResource.xml</entity-descriptor>
  </entity-descriptors>

</database-descriptor>














