﻿<?xml version="1.0" encoding="utf-8" ?>
<!-- 
///
/// [SIMINOV FRAMEWORK - CONNECT]
/// Copyright [2014-2016] [Siminov Software Solution LLP|support@siminov.com]
///
/// Licensed under the Apache License, Version 2.0 (the "License");
/// you may not use this file except in compliance with the License.
/// You may obtain a copy of the License at
///
///     http://www.apache.org/licenses/LICENSE-2.0
///
/// Unless required by applicable law or agreed to in writing, software
/// distributed under the License is distributed on an "AS IS" BASIS,
/// WITHOUT WARRANTIES OR CONDITIONS OF ANY KIND, either express or implied.
/// See the License for the specific language governing permissions and
/// limitations under the License.


 -->

<entity-descriptor>

  <property name="table_name">SERVICE_REQUEST</property>
  <property name="class_name">Siminov.Connect.Model.ServiceRequest</property>

  <attributes>

    <attribute>
      <property name="variable_name">requestId</property>
      <property name="column_name">REQUEST_ID</property>
      <property name="type">primitive-long</property>
      <property name="primary_key">true</property>
      <property name="not_null">true</property>
      <property name="unique">true</property>
    </attribute>

    <attribute>
      <property name="variable_name">service</property>
      <property name="column_name">SERVICE</property>
      <property name="type">string</property>
      <property name="primary_key">true</property>
      <property name="not_null">true</property>
      <property name="unique">true</property>
    </attribute>

    <attribute>
      <property name="variable_name">request</property>
      <property name="column_name">REQUEST</property>
      <property name="type">string</property>
      <property name="primary_key">true</property>
      <property name="not_null">true</property>
      <property name="unique">true</property>
    </attribute>

    <attribute>
      <property name="variable_name">instanceOf</property>
      <property name="column_name">INSTANCE_OF</property>
      <property name="type">string</property>
    </attribute>

  </attributes>

  <relationships>

    <relationship>
      <property name="type">one-to-many</property>
      <property name="refer">serviceRequestResources</property>
      <property name="refer_to">Siminov.Connect.Model.ServiceRequestResource</property>
      <property name="on_update">cascade</property>
      <property name="on_delete">cascade</property>
      <property name="load">true</property>
    </relationship>

  </relationships>

</entity-descriptor>